{
  "roc_auc": 0.6772141174875888,
  "average_precision": 0.7615575373656996,
  "f1": 0.7640449438202247,
  "brier": 0.21587746671407973,
  "roc_auc_ci": [
    0.6299478005451014,
    0.7251169890175935
  ],
  "f1_ci": [
    0.7283072546230441,
    0.7994715447154471
  ]
}